,tile_id,year,conflict_intensity
0,93946_1313825,2020,0.0
1,93946_1338825,2020,0.0
2,93946_1363825,2020,0.0
3,93946_1388825,2020,0.0
4,118946_1313825,2020,0.0
5,118946_1338825,2020,0.0
6,118946_1363825,2020,0.0
7,118946_1388825,2020,0.0
8,118946_1413825,2020,0.0
9,143946_1338825,2020,0.0
10,143946_1363825,2020,0.0
11,143946_1388825,2020,0.0
12,143946_1413825,2020,0.0
13,143946_1438825,2020,0.0
14,168946_1313825,2020,4.620173752177701
15,168946_1338825,2020,0.0
16,168946_1363825,2020,0.0
17,168946_1388825,2020,0.0
18,168946_1413825,2020,0.0
19,168946_1438825,2020,0.0
20,168946_1463825,2020,0.0
21,168946_1488825,2020,0.0
22,168946_1513825,2020,0.0
23,168946_1538825,2020,0.0
24,193946_1163825,2020,0.0
25,193946_1188825,2020,0.37524023609632506
26,193946_1213825,2020,0.2507779474071048
27,193946_1238825,2020,0.0
28,193946_1263825,2020,0.0
29,193946_1288825,2020,0.0
30,193946_1313825,2020,4.886394637760851
31,193946_1338825,2020,0.0
32,193946_1363825,2020,0.0
33,193946_1388825,2020,0.0
34,193946_1413825,2020,0.0
35,193946_1438825,2020,0.0
36,193946_1463825,2020,0.0
37,193946_1488825,2020,0.0
38,193946_1513825,2020,0.0
39,193946_1538825,2020,0.25588729967432733
40,193946_1563825,2020,0.0
41,193946_1588825,2020,0.0
42,218946_1163825,2020,0.0
43,218946_1188825,2020,0.7325181498220035
44,218946_1213825,2020,0.9532365791681608
45,218946_1238825,2020,0.3989778618581581
46,218946_1263825,2020,0.0
47,218946_1288825,2020,0.0
48,218946_1313825,2020,0.0
49,218946_1338825,2020,0.0
50,218946_1363825,2020,0.0
51,218946_1388825,2020,0.0
52,218946_1413825,2020,0.0
53,218946_1438825,2020,0.04987052398756821
54,218946_1463825,2020,0.0
55,218946_1488825,2020,0.0
56,218946_1513825,2020,1.2785440633722693
57,218946_1538825,2020,0.7881862436519407
58,218946_1563825,2020,84.10020789923101
59,218946_1588825,2020,42.988056991212865
60,243946_1163825,2020,0.0
61,243946_1188825,2020,0.0
62,243946_1213825,2020,0.0
63,243946_1238825,2020,0.0
64,243946_1263825,2020,0.0
65,243946_1288825,2020,0.0
66,243946_1313825,2020,0.0
67,243946_1338825,2020,0.0
68,243946_1363825,2020,0.0
69,243946_1388825,2020,0.0
70,243946_1413825,2020,0.0
71,243946_1438825,2020,0.12932367799402666
72,243946_1463825,2020,0.045484495553587634
73,243946_1488825,2020,0.0
74,243946_1513825,2020,20.84256500158206
75,243946_1538825,2020,0.0
76,243946_1563825,2020,31.160351346731726
77,243946_1588825,2020,5.5656309473249905
78,268946_1138825,2020,0.0
79,268946_1163825,2020,0.0
80,268946_1188825,2020,0.0
81,268946_1213825,2020,0.0
82,268946_1238825,2020,0.0
83,268946_1263825,2020,0.0
84,268946_1288825,2020,0.0
85,268946_1313825,2020,0.0
86,268946_1338825,2020,0.0
87,268946_1363825,2020,0.0
88,268946_1388825,2020,0.0
89,268946_1413825,2020,0.0
90,268946_1438825,2020,0.0
91,268946_1463825,2020,0.0
92,268946_1488825,2020,0.0
93,268946_1513825,2020,485.4118979097172
94,268946_1538825,2020,0.0
95,268946_1563825,2020,0.0
96,268946_1588825,2020,0.0
97,293946_1113825,2020,0.0
98,293946_1138825,2020,0.0
99,293946_1163825,2020,0.0
100,293946_1188825,2020,0.0
101,293946_1213825,2020,0.0
102,293946_1238825,2020,0.0
103,293946_1263825,2020,0.0
104,293946_1288825,2020,0.0
105,293946_1313825,2020,0.0
106,293946_1338825,2020,0.0
107,293946_1363825,2020,0.0
108,293946_1388825,2020,0.0
109,293946_1413825,2020,0.0
110,293946_1438825,2020,0.29122951220911064
111,293946_1463825,2020,0.22907300677625902
112,293946_1488825,2020,0.0
113,293946_1513825,2020,0.0
114,293946_1538825,2020,0.0
115,293946_1563825,2020,0.0
116,293946_1588825,2020,0.0
117,293946_1613825,2020,0.0
118,318946_1113825,2020,0.0
119,318946_1138825,2020,0.0
120,318946_1163825,2020,0.0
121,318946_1188825,2020,0.0
122,318946_1213825,2020,0.0
123,318946_1238825,2020,0.0
124,318946_1263825,2020,0.0
125,318946_1288825,2020,0.0
126,318946_1313825,2020,0.0
127,318946_1338825,2020,0.0
128,318946_1363825,2020,0.0
129,318946_1388825,2020,0.22590382166159714
130,318946_1413825,2020,0.4739581384021054
131,318946_1438825,2020,0.1994936296088751
132,318946_1463825,2020,0.1756456990537795
133,318946_1488825,2020,0.0
134,318946_1513825,2020,0.0
135,318946_1538825,2020,0.1400601245066659
136,318946_1563825,2020,0.12441943720899235
137,318946_1588825,2020,0.0
138,318946_1613825,2020,0.0
139,343946_1088825,2020,0.0
140,343946_1113825,2020,0.0
141,343946_1138825,2020,0.0
142,343946_1163825,2020,0.0
143,343946_1188825,2020,0.0
144,343946_1213825,2020,0.0
145,343946_1238825,2020,0.0
146,343946_1263825,2020,0.0
147,343946_1288825,2020,0.0
148,343946_1313825,2020,0.0
149,343946_1338825,2020,0.0
150,343946_1363825,2020,0.0
151,343946_1388825,2020,0.0
152,343946_1413825,2020,0.16031170916400944
153,343946_1438825,2020,0.45001619697832856
154,343946_1463825,2020,0.31497521263608586
155,343946_1488825,2020,0.0
156,343946_1513825,2020,0.0
157,343946_1538825,2020,0.23483291726626246
158,343946_1563825,2020,0.17750917628774732
159,343946_1588825,2020,0.0
160,343946_1613825,2020,0.0
161,343946_1638825,2020,0.0
162,368946_1113825,2020,0.0
163,368946_1138825,2020,0.0
164,368946_1163825,2020,0.0
165,368946_1188825,2020,0.0
166,368946_1213825,2020,0.0
167,368946_1238825,2020,0.0
168,368946_1263825,2020,0.0
169,368946_1288825,2020,0.0
170,368946_1313825,2020,0.0
171,368946_1338825,2020,0.0
172,368946_1363825,2020,0.0
173,368946_1388825,2020,0.0
174,368946_1413825,2020,0.0
175,368946_1438825,2020,0.3220665087459559
176,368946_1463825,2020,0.26003061946220435
177,368946_1488825,2020,0.0
178,368946_1513825,2020,0.0
179,368946_1538825,2020,0.0
180,368946_1563825,2020,1.5348187955542354
181,368946_1588825,2020,2.04423966807945
182,368946_1613825,2020,1.9723386185904273
183,368946_1638825,2020,0.0
184,393946_1113825,2020,0.0
185,393946_1138825,2020,0.0
186,393946_1163825,2020,0.0
187,393946_1188825,2020,0.0
188,393946_1213825,2020,0.0
189,393946_1238825,2020,0.0
190,393946_1263825,2020,0.0
191,393946_1288825,2020,0.0
192,393946_1313825,2020,0.0
193,393946_1338825,2020,0.0
194,393946_1363825,2020,0.0
195,393946_1388825,2020,0.0
196,393946_1413825,2020,0.0
197,393946_1438825,2020,0.0
198,393946_1463825,2020,0.0
199,393946_1488825,2020,0.0
200,393946_1513825,2020,0.0
201,393946_1538825,2020,0.0
202,393946_1563825,2020,0.9896415058383596
203,393946_1588825,2020,0.2314322637061904
204,393946_1613825,2020,0.8306290540929497
205,393946_1638825,2020,0.0
206,418946_1138825,2020,0.0
207,418946_1163825,2020,0.0
208,418946_1188825,2020,0.0
209,418946_1213825,2020,0.0
210,418946_1238825,2020,0.0
211,418946_1263825,2020,0.0
212,418946_1288825,2020,0.0
213,418946_1313825,2020,0.0
214,418946_1338825,2020,0.0
215,418946_1363825,2020,0.0
216,418946_1388825,2020,0.0
217,418946_1413825,2020,0.0
218,418946_1438825,2020,0.0
219,418946_1463825,2020,0.0
220,418946_1488825,2020,0.0
221,418946_1513825,2020,0.0
222,418946_1538825,2020,0.0
223,418946_1563825,2020,0.32787417665086277
224,418946_1588825,2020,0.30438530341396963
225,418946_1613825,2020,0.0
226,418946_1638825,2020,0.0
227,443946_1113825,2020,0.0
228,443946_1163825,2020,0.0
229,443946_1188825,2020,0.0
230,443946_1213825,2020,0.0
231,443946_1238825,2020,0.0
232,443946_1263825,2020,0.0
233,443946_1288825,2020,0.0
234,443946_1313825,2020,0.0
235,443946_1338825,2020,0.0
236,443946_1363825,2020,0.0
237,443946_1388825,2020,0.0
238,443946_1413825,2020,0.0
239,443946_1438825,2020,0.0
240,443946_1463825,2020,0.0
241,443946_1488825,2020,0.0
242,443946_1513825,2020,0.0
243,443946_1538825,2020,0.0
244,443946_1563825,2020,0.5469909529291082
245,443946_1588825,2020,0.46331210407602996
246,443946_1613825,2020,0.0
247,468946_1088825,2020,0.0
248,468946_1113825,2020,0.0
249,468946_1138825,2020,0.0
250,468946_1163825,2020,0.0
251,468946_1188825,2020,0.0
252,468946_1213825,2020,0.0
253,468946_1238825,2020,0.0
254,468946_1263825,2020,0.0
255,468946_1288825,2020,0.0
256,468946_1313825,2020,0.0
257,468946_1338825,2020,0.13023514215544196
258,468946_1363825,2020,0.0
259,468946_1388825,2020,0.0
260,468946_1413825,2020,0.0
261,468946_1438825,2020,0.0
262,468946_1463825,2020,0.0
263,468946_1488825,2020,0.0
264,468946_1513825,2020,1.683648694206652
265,468946_1538825,2020,1.6336898001601363
266,468946_1563825,2020,3.528808643076505
267,468946_1588825,2020,3.4949386795951733
268,468946_1613825,2020,0.0
269,493946_1088825,2020,0.0
270,493946_1113825,2020,0.0
271,493946_1138825,2020,0.0
272,493946_1163825,2020,0.0
273,493946_1188825,2020,0.0
274,493946_1213825,2020,0.0
275,493946_1238825,2020,0.0
276,493946_1263825,2020,0.0
277,493946_1288825,2020,0.0
278,493946_1313825,2020,0.0
279,493946_1338825,2020,0.605892371438011
280,493946_1363825,2020,0.13693877723800735
281,493946_1388825,2020,0.0
282,493946_1413825,2020,0.0
283,493946_1438825,2020,0.0
284,493946_1463825,2020,0.0
285,493946_1488825,2020,0.0
286,493946_1513825,2020,1.2294728873660838
287,493946_1538825,2020,1.5463955846891744
288,493946_1563825,2020,2.4988603705753327
289,493946_1588825,2020,2.710643723902544
290,493946_1613825,2020,0.6652304009098364
291,493946_1638825,2020,0.0
292,518946_988825,2020,0.0
293,518946_1013825,2020,0.0
294,518946_1038825,2020,0.0
295,518946_1063825,2020,0.0
296,518946_1088825,2020,0.0
297,518946_1113825,2020,0.0
298,518946_1138825,2020,0.0
299,518946_1163825,2020,0.0
300,518946_1188825,2020,0.0
301,518946_1213825,2020,0.0
302,518946_1238825,2020,0.0
303,518946_1263825,2020,0.0
304,518946_1288825,2020,0.0
305,518946_1313825,2020,0.0
306,518946_1338825,2020,0.0
307,518946_1363825,2020,0.0
308,518946_1388825,2020,0.0
309,518946_1413825,2020,0.0
310,518946_1438825,2020,0.0
311,518946_1463825,2020,0.0
312,518946_1488825,2020,0.5171772126404928
313,518946_1513825,2020,1.0164257647479236
314,518946_1538825,2020,0.0
315,518946_1563825,2020,0.0
316,518946_1588825,2020,7.977901694376346
317,518946_1613825,2020,0.7955399996363967
318,543946_988825,2020,0.0
319,543946_1013825,2020,0.0
320,543946_1038825,2020,0.0
321,543946_1063825,2020,0.0
322,543946_1088825,2020,0.0
323,543946_1113825,2020,0.0
324,543946_1138825,2020,0.0
325,543946_1163825,2020,0.0
326,543946_1188825,2020,0.0
327,543946_1213825,2020,0.0
328,543946_1238825,2020,0.07277860974514974
329,543946_1263825,2020,0.04041866029604578
330,543946_1288825,2020,0.0
331,543946_1313825,2020,0.0
332,543946_1338825,2020,0.09276886190379909
333,543946_1363825,2020,0.13125281707997916
334,543946_1388825,2020,0.0
335,543946_1413825,2020,2.538056440809962
336,543946_1438825,2020,2.4869519502434363
337,543946_1463825,2020,0.44459404871589375
338,543946_1488825,2020,2.458206835876204
339,543946_1513825,2020,1.9978226197145619
340,543946_1538825,2020,0.0
341,543946_1563825,2020,0.5436459262487282
342,543946_1588825,2020,19.508656360970125
343,543946_1613825,2020,5.32892867620551
344,543946_1638825,2020,0.0
345,568946_988825,2020,0.0
346,568946_1013825,2020,0.0
347,568946_1038825,2020,0.0
348,568946_1063825,2020,0.0
349,568946_1088825,2020,0.0
350,568946_1113825,2020,0.057916597067657845
351,568946_1138825,2020,0.0
352,568946_1163825,2020,0.0
353,568946_1188825,2020,0.0
354,568946_1213825,2020,0.0
355,568946_1238825,2020,0.07495847076273844
356,568946_1263825,2020,0.04078287969733884
357,568946_1288825,2020,0.0
358,568946_1313825,2020,0.0
359,568946_1338825,2020,0.09254718033411116
360,568946_1363825,2020,0.1306347496116185
361,568946_1388825,2020,0.0
362,568946_1413825,2020,0.0
363,568946_1438825,2020,0.0
364,568946_1463825,2020,0.0
365,568946_1488825,2020,0.0
366,568946_1513825,2020,0.0
367,568946_1538825,2020,0.0
368,568946_1563825,2020,0.0
369,568946_1588825,2020,0.4395192736029857
370,568946_1613825,2020,0.0
371,568946_1638825,2020,0.0
372,593946_1038825,2020,0.0
373,593946_1063825,2020,0.0
374,593946_1088825,2020,0.0
375,593946_1113825,2020,0.11126172391003486
376,593946_1138825,2020,0.04178762120689257
377,593946_1163825,2020,0.0
378,593946_1188825,2020,0.0
379,593946_1213825,2020,0.0
380,593946_1238825,2020,0.7361937316900503
381,593946_1263825,2020,0.5965490202058537
382,593946_1288825,2020,0.0
383,593946_1313825,2020,0.0
384,593946_1338825,2020,0.0
385,593946_1413825,2020,0.0
386,593946_1438825,2020,0.0
387,593946_1613825,2020,0.0
388,93946_1313825,2021,0.0
389,93946_1338825,2021,0.0
390,93946_1363825,2021,0.0
391,93946_1388825,2021,0.0
392,118946_1313825,2021,0.0
393,118946_1338825,2021,0.0
394,118946_1363825,2021,0.0
395,118946_1388825,2021,0.0
396,118946_1413825,2021,0.0
397,143946_1338825,2021,0.0
398,143946_1363825,2021,0.0
399,143946_1388825,2021,0.0
400,143946_1413825,2021,0.0
401,143946_1438825,2021,0.0
402,168946_1313825,2021,0.07333609130440795
403,168946_1338825,2021,0.0
404,168946_1363825,2021,0.0
405,168946_1388825,2021,0.0
406,168946_1413825,2021,7.895042148559352
407,168946_1438825,2021,3.184006756549809
408,168946_1463825,2021,0.618673211921516
409,168946_1488825,2021,0.0
410,168946_1513825,2021,0.0
411,168946_1538825,2021,0.0
412,193946_1163825,2021,0.0
413,193946_1188825,2021,0.0
414,193946_1213825,2021,0.0417963245678508
415,193946_1238825,2021,0.0
416,193946_1263825,2021,0.0
417,193946_1288825,2021,0.35841083896029735
418,193946_1313825,2021,0.07756181964699764
419,193946_1338825,2021,0.0
420,193946_1363825,2021,0.0
421,193946_1388825,2021,0.0
422,193946_1413825,2021,2.4472406688094104
423,193946_1438825,2021,0.7609708825482154
424,193946_1463825,2021,0.5431066705857488
425,193946_1488825,2021,0.0
426,193946_1513825,2021,0.0
427,193946_1538825,2021,0.0
428,193946_1563825,2021,0.0
429,193946_1588825,2021,0.0
430,218946_1163825,2021,0.0
431,218946_1188825,2021,0.0
432,218946_1213825,2021,0.08330597315394435
433,218946_1238825,2021,0.06649631030969301
434,218946_1263825,2021,0.0
435,218946_1288825,2021,1.6926436573169008
436,218946_1313825,2021,0.3528983836425713
437,218946_1338825,2021,0.0
438,218946_1363825,2021,0.0
439,218946_1388825,2021,0.0
440,218946_1413825,2021,0.0
441,218946_1438825,2021,0.0
442,218946_1463825,2021,0.0
443,218946_1488825,2021,0.0
444,218946_1513825,2021,0.0
445,218946_1538825,2021,0.0
446,218946_1563825,2021,0.0
447,218946_1588825,2021,7.044771599951603
448,243946_1163825,2021,0.0
449,243946_1188825,2021,0.0
450,243946_1213825,2021,0.0
451,243946_1238825,2021,0.0
452,243946_1263825,2021,0.0
453,243946_1288825,2021,0.0
454,243946_1313825,2021,0.0
455,243946_1338825,2021,0.0
456,243946_1363825,2021,0.0
457,243946_1388825,2021,0.0
458,243946_1413825,2021,0.0
459,243946_1438825,2021,0.0
460,243946_1463825,2021,0.0
461,243946_1488825,2021,0.0
462,243946_1513825,2021,0.0
463,243946_1538825,2021,0.0
464,243946_1563825,2021,0.0
465,243946_1588825,2021,3.394994619869665
466,268946_1138825,2021,0.0
467,268946_1163825,2021,0.0
468,268946_1188825,2021,0.0
469,268946_1213825,2021,0.0
470,268946_1238825,2021,0.0
471,268946_1263825,2021,0.0
472,268946_1288825,2021,0.0
473,268946_1313825,2021,0.0
474,268946_1338825,2021,0.0
475,268946_1363825,2021,0.0
476,268946_1388825,2021,2.9400068017093943
477,268946_1413825,2021,2.7263195243697136
478,268946_1438825,2021,0.0
479,268946_1463825,2021,0.0
480,268946_1488825,2021,0.0
481,268946_1513825,2021,0.0
482,268946_1538825,2021,0.0
483,268946_1563825,2021,0.0
484,268946_1588825,2021,0.0
485,293946_1113825,2021,0.0
486,293946_1138825,2021,0.0
487,293946_1163825,2021,0.0
488,293946_1188825,2021,0.24245620241126167
489,293946_1213825,2021,0.10601390965857493
490,293946_1238825,2021,0.0
491,293946_1263825,2021,0.0
492,293946_1288825,2021,1.1664525059118698
493,293946_1313825,2021,0.0
494,293946_1338825,2021,0.0
495,293946_1363825,2021,0.0
496,293946_1388825,2021,2.1124162607178194
497,293946_1413825,2021,2.0281593773996414
498,293946_1438825,2021,0.0
499,293946_1463825,2021,0.0
500,293946_1488825,2021,0.0
501,293946_1513825,2021,0.0
502,293946_1538825,2021,0.0
503,293946_1563825,2021,0.0
504,293946_1588825,2021,0.45956792663565815
505,293946_1613825,2021,0.0
506,318946_1113825,2021,0.0
507,318946_1138825,2021,0.0
508,318946_1163825,2021,0.0
509,318946_1188825,2021,0.0886687545952744
510,318946_1213825,2021,0.0
511,318946_1238825,2021,0.0
512,318946_1263825,2021,0.0
513,318946_1288825,2021,2.1313917560828757
514,318946_1313825,2021,1.1507923623083682
515,318946_1338825,2021,0.1927692403285461
516,318946_1363825,2021,0.0
517,318946_1388825,2021,0.0
518,318946_1413825,2021,0.0
519,318946_1438825,2021,0.0
520,318946_1463825,2021,0.0
521,318946_1488825,2021,0.0
522,318946_1513825,2021,0.0
523,318946_1538825,2021,0.0
524,318946_1563825,2021,4.457973828445867
525,318946_1588825,2021,4.670100127096752
526,318946_1613825,2021,0.0
527,343946_1088825,2021,0.0
528,343946_1113825,2021,0.0
529,343946_1138825,2021,0.0
530,343946_1163825,2021,0.0
531,343946_1188825,2021,0.0
532,343946_1213825,2021,0.0
533,343946_1238825,2021,0.0
534,343946_1263825,2021,0.0
535,343946_1288825,2021,0.0
536,343946_1313825,2021,0.2030454569885624
537,343946_1338825,2021,0.2483649772171139
538,343946_1363825,2021,0.0
539,343946_1388825,2021,0.0
540,343946_1413825,2021,0.0
541,343946_1438825,2021,10.27536983100517
542,343946_1463825,2021,7.191934021857294
543,343946_1488825,2021,5.319994422919555
544,343946_1513825,2021,0.4038930633199465
545,343946_1538825,2021,3.671532121159121
546,343946_1563825,2021,2.8873048794564915
547,343946_1588825,2021,2.783522074662514
548,343946_1613825,2021,0.0
549,343946_1638825,2021,0.0
550,368946_1113825,2021,0.0
551,368946_1138825,2021,0.0
552,368946_1163825,2021,0.0
553,368946_1188825,2021,0.0
554,368946_1213825,2021,0.0
555,368946_1238825,2021,0.0
556,368946_1263825,2021,0.0
557,368946_1288825,2021,0.0
558,368946_1313825,2021,0.0
559,368946_1338825,2021,0.0
560,368946_1363825,2021,0.0
561,368946_1388825,2021,0.0
562,368946_1413825,2021,0.0
563,368946_1438825,2021,7.353851949699326
564,368946_1463825,2021,22.18104833689769
565,368946_1488825,2021,43.72821732036262
566,368946_1513825,2021,0.9105192278452359
567,368946_1538825,2021,0.5111217026800794
568,368946_1563825,2021,0.0
569,368946_1588825,2021,0.9455020062054169
570,368946_1613825,2021,1.577870894872342
571,368946_1638825,2021,0.0
572,393946_1113825,2021,0.0
573,393946_1138825,2021,0.0
574,393946_1163825,2021,0.0
575,393946_1188825,2021,0.0
576,393946_1213825,2021,0.0
577,393946_1238825,2021,0.0
578,393946_1263825,2021,0.0
579,393946_1288825,2021,1.3248812067527378
580,393946_1313825,2021,6.851681833937491
581,393946_1338825,2021,0.893294862440297
582,393946_1363825,2021,0.0
583,393946_1388825,2021,0.0
584,393946_1413825,2021,0.0
585,393946_1438825,2021,1.0305375043108136
586,393946_1463825,2021,0.6038583086244854
587,393946_1488825,2021,5.366069225975333
588,393946_1513825,2021,59.309994329312396
589,393946_1538825,2021,14.191149629037287
590,393946_1563825,2021,1.3492343070849664
591,393946_1588825,2021,3.234519159744289
592,393946_1613825,2021,1.9316853591984309
593,393946_1638825,2021,0.0
594,418946_1138825,2021,0.0
595,418946_1163825,2021,0.0
596,418946_1188825,2021,0.0
597,418946_1213825,2021,0.0
598,418946_1238825,2021,0.0
599,418946_1263825,2021,0.0
600,418946_1288825,2021,1.6752075298946711
601,418946_1313825,2021,17.494446451885477
602,418946_1338825,2021,4.8338609866414455
603,418946_1363825,2021,0.0
604,418946_1388825,2021,0.0
605,418946_1413825,2021,0.0
606,418946_1438825,2021,0.0
607,418946_1463825,2021,0.0
608,418946_1488825,2021,0.0
609,418946_1513825,2021,0.0
610,418946_1538825,2021,0.0
611,418946_1563825,2021,2.9496110146056087
612,418946_1588825,2021,3.3778306190640137
613,418946_1613825,2021,0.0
614,418946_1638825,2021,0.0
615,443946_1113825,2021,0.0
616,443946_1163825,2021,0.0
617,443946_1188825,2021,0.0
618,443946_1213825,2021,0.0
619,443946_1238825,2021,0.0
620,443946_1263825,2021,0.0
621,443946_1288825,2021,0.543620956904833
622,443946_1313825,2021,17.068459708275366
623,443946_1338825,2021,6.60639856564173
624,443946_1363825,2021,0.0
625,443946_1388825,2021,0.7572285338770397
626,443946_1413825,2021,0.0
627,443946_1438825,2021,0.0
628,443946_1463825,2021,0.0
629,443946_1488825,2021,0.0
630,443946_1513825,2021,0.0
631,443946_1538825,2021,0.0
632,443946_1563825,2021,3.1923449755369644
633,443946_1588825,2021,2.0763747074646957
634,443946_1613825,2021,0.0
635,468946_1088825,2021,0.0
636,468946_1113825,2021,0.0
637,468946_1138825,2021,0.0
638,468946_1163825,2021,0.0
639,468946_1188825,2021,0.0
640,468946_1213825,2021,0.0
641,468946_1238825,2021,0.0
642,468946_1263825,2021,0.0
643,468946_1288825,2021,6.6953006532195
644,468946_1313825,2021,9.00600483183369
645,468946_1338825,2021,7.735751305895238
646,468946_1363825,2021,0.0
647,468946_1388825,2021,0.9761158918768632
648,468946_1413825,2021,1.8247264524666966
649,468946_1438825,2021,0.4566644389723352
650,468946_1463825,2021,0.5674620233496601
651,468946_1488825,2021,5.796529643362332
652,468946_1513825,2021,0.8052232885336161
653,468946_1538825,2021,0.5807543940630231
654,468946_1563825,2021,2.7709919125995754
655,468946_1588825,2021,0.7413577553239589
656,468946_1613825,2021,0.0
657,493946_1088825,2021,0.0
658,493946_1113825,2021,0.0
659,493946_1138825,2021,0.0
660,493946_1163825,2021,0.0
661,493946_1188825,2021,0.5827166229198184
662,493946_1213825,2021,1.1802660353519796
663,493946_1238825,2021,0.0
664,493946_1263825,2021,0.4672426178270356
665,493946_1288825,2021,5.197441074735249
666,493946_1313825,2021,5.057095215158242
667,493946_1338825,2021,5.049103095316758
668,493946_1363825,2021,1.1411564769833946
669,493946_1388825,2021,2.1354259497802213
670,493946_1413825,2021,6.54282532110869
671,493946_1438825,2021,0.5824436459653795
672,493946_1463825,2021,6.513100372741457
673,493946_1488825,2021,24.138665572220205
674,493946_1513825,2021,0.7462907669870619
675,493946_1538825,2021,0.4813372869687875
676,493946_1563825,2021,0.42830716570390576
677,493946_1588825,2021,0.4774339285407993
678,493946_1613825,2021,0.0
679,493946_1638825,2021,0.0
680,518946_988825,2021,0.0
681,518946_1013825,2021,0.0
682,518946_1038825,2021,0.0
683,518946_1063825,2021,0.0
684,518946_1088825,2021,0.0
685,518946_1113825,2021,0.0
686,518946_1138825,2021,0.0
687,518946_1163825,2021,0.0
688,518946_1188825,2021,0.7389560603425578
689,518946_1213825,2021,0.0
690,518946_1238825,2021,0.0
691,518946_1263825,2021,2.4276647172820227
692,518946_1288825,2021,1.8606597322177403
693,518946_1313825,2021,0.8815801939783098
694,518946_1338825,2021,0.0
695,518946_1363825,2021,0.0
696,518946_1388825,2021,5.189686035116274
697,518946_1413825,2021,4.884952754799209
698,518946_1438825,2021,18.845015121912102
699,518946_1463825,2021,0.13050297907325634
700,518946_1488825,2021,13.42278350536866
701,518946_1513825,2021,3.7422948611173554
702,518946_1538825,2021,0.0
703,518946_1563825,2021,1.7457240778741654
704,518946_1588825,2021,0.6807202139932743
705,518946_1613825,2021,0.0
706,543946_988825,2021,0.0
707,543946_1013825,2021,0.0
708,543946_1038825,2021,0.0
709,543946_1063825,2021,0.0
710,543946_1088825,2021,0.0
711,543946_1113825,2021,0.42151902253978785
712,543946_1138825,2021,0.6532906983816205
713,543946_1163825,2021,0.7033091507930951
714,543946_1188825,2021,1.7714431148925396
715,543946_1213825,2021,1.2776879256294393
716,543946_1238825,2021,2.7932131264665987
717,543946_1263825,2021,6.195171797035819
718,543946_1288825,2021,13.634269312996341
719,543946_1313825,2021,19.1162653178042
720,543946_1338825,2021,13.456689902581981
721,543946_1363825,2021,8.519290036335356
722,543946_1388825,2021,14.152168157831385
723,543946_1413825,2021,10.312456384150346
724,543946_1438825,2021,9.848646182707018
725,543946_1463825,2021,1.1761561640784928
726,543946_1488825,2021,4.551893299615722
727,543946_1513825,2021,9.000768960228983
728,543946_1538825,2021,7.895813638185157
729,543946_1563825,2021,4.533485881005001
730,543946_1588825,2021,2.3949226816271048
731,543946_1613825,2021,0.5248187332626638
732,543946_1638825,2021,0.0
733,568946_988825,2021,0.0
734,568946_1013825,2021,0.0
735,568946_1038825,2021,0.0
736,568946_1063825,2021,0.0
737,568946_1088825,2021,0.0
738,568946_1113825,2021,13.003161725368079
739,568946_1138825,2021,22.129325670569372
740,568946_1163825,2021,11.159972736113419
741,568946_1188825,2021,26.41027079314945
742,568946_1213825,2021,8.622931877145296
743,568946_1238825,2021,14.40447818695285
744,568946_1263825,2021,4.53993386740601
745,568946_1288825,2021,30.202120904020738
746,568946_1313825,2021,28.943306772669924
747,568946_1338825,2021,8.708809807805174
748,568946_1363825,2021,7.19925422427801
749,568946_1388825,2021,0.7984036669389696
750,568946_1413825,2021,3.107157621344233
751,568946_1438825,2021,3.6858727502911193
752,568946_1463825,2021,0.3811304862028262
753,568946_1488825,2021,0.0
754,568946_1513825,2021,1.1309906079955654
755,568946_1538825,2021,3.625234060614421
756,568946_1563825,2021,0.7044336417149999
757,568946_1588825,2021,0.0
758,568946_1613825,2021,0.0
759,568946_1638825,2021,0.0
760,593946_1038825,2021,0.0
761,593946_1063825,2021,0.0
762,593946_1088825,2021,0.0
763,593946_1113825,2021,12.420557000480263
764,593946_1138825,2021,23.808055849924724
765,593946_1163825,2021,46.10535526260621
766,593946_1188825,2021,10.358973517430783
767,593946_1213825,2021,4.639929868773962
768,593946_1238825,2021,4.766240383137506
769,593946_1263825,2021,3.4786993061592923
770,593946_1288825,2021,1.2827012029711231
771,593946_1313825,2021,0.0
772,593946_1338825,2021,0.0
773,593946_1413825,2021,0.0
774,593946_1438825,2021,0.0
775,593946_1613825,2021,0.0
776,93946_1313825,2022,0.0
777,93946_1338825,2022,0.0
778,93946_1363825,2022,0.0
779,93946_1388825,2022,0.0
780,118946_1313825,2022,0.0
781,118946_1338825,2022,0.0
782,118946_1363825,2022,0.0
783,118946_1388825,2022,0.0
784,118946_1413825,2022,0.0
785,143946_1338825,2022,0.0
786,143946_1363825,2022,0.0
787,143946_1388825,2022,0.0
788,143946_1413825,2022,0.3701641754429697
789,143946_1438825,2022,0.0
790,168946_1313825,2022,0.0
791,168946_1338825,2022,0.0
792,168946_1363825,2022,0.0
793,168946_1388825,2022,0.0
794,168946_1413825,2022,1.1126960944209738
795,168946_1438825,2022,1.3124652797086898
796,168946_1463825,2022,0.7138537060632877
797,168946_1488825,2022,0.0
798,168946_1513825,2022,0.0
799,168946_1538825,2022,0.0
800,193946_1163825,2022,0.0
801,193946_1188825,2022,0.0
802,193946_1213825,2022,0.0
803,193946_1238825,2022,0.0
804,193946_1263825,2022,0.0
805,193946_1288825,2022,0.0
806,193946_1313825,2022,0.0
807,193946_1338825,2022,0.0
808,193946_1363825,2022,0.0
809,193946_1388825,2022,0.0
810,193946_1413825,2022,0.14683444012856464
811,193946_1438825,2022,0.8780433260171717
812,193946_1463825,2022,0.6266615429835564
813,193946_1488825,2022,0.0
814,193946_1513825,2022,0.0
815,193946_1538825,2022,0.0
816,193946_1563825,2022,0.0
817,193946_1588825,2022,0.0
818,218946_1163825,2022,0.0
819,218946_1188825,2022,0.0
820,218946_1213825,2022,0.0
821,218946_1238825,2022,0.0
822,218946_1263825,2022,0.0
823,218946_1288825,2022,0.0
824,218946_1313825,2022,0.0
825,218946_1338825,2022,0.0
826,218946_1363825,2022,0.0
827,218946_1388825,2022,0.0
828,218946_1413825,2022,0.0
829,218946_1438825,2022,0.0
830,218946_1463825,2022,0.0
831,218946_1488825,2022,0.0
832,218946_1513825,2022,0.0
833,218946_1538825,2022,0.0
834,218946_1563825,2022,0.0
835,218946_1588825,2022,1.1741285999919338
836,243946_1163825,2022,0.0
837,243946_1188825,2022,0.0
838,243946_1213825,2022,0.0
839,243946_1238825,2022,0.0
840,243946_1263825,2022,0.0
841,243946_1288825,2022,0.0
842,243946_1313825,2022,0.14012346351686678
843,243946_1338825,2022,0.0
844,243946_1363825,2022,0.0
845,243946_1388825,2022,0.0
846,243946_1413825,2022,0.0
847,243946_1438825,2022,0.0
848,243946_1463825,2022,0.0
849,243946_1488825,2022,0.0
850,243946_1513825,2022,0.0
851,243946_1538825,2022,0.0
852,243946_1563825,2022,0.0
853,243946_1588825,2022,0.5658324366449442
854,268946_1138825,2022,0.501574158966982
855,268946_1163825,2022,1.7538877328720834
856,268946_1188825,2022,0.0
857,268946_1213825,2022,0.0
858,268946_1238825,2022,0.0
859,268946_1263825,2022,0.0
860,268946_1288825,2022,0.1594562163854252
861,268946_1313825,2022,0.31604083326250826
862,268946_1338825,2022,0.0
863,268946_1363825,2022,0.0
864,268946_1388825,2022,0.4243143329324002
865,268946_1413825,2022,0.22405205879223378
866,268946_1438825,2022,0.0
867,268946_1463825,2022,0.0
868,268946_1488825,2022,0.0
869,268946_1513825,2022,0.0
870,268946_1538825,2022,0.0
871,268946_1563825,2022,0.0
872,268946_1588825,2022,0.0
873,293946_1113825,2022,0.0
874,293946_1138825,2022,0.0
875,293946_1163825,2022,0.0
876,293946_1188825,2022,0.0
877,293946_1213825,2022,0.0
878,293946_1238825,2022,0.0
879,293946_1263825,2022,0.0
880,293946_1288825,2022,0.0
881,293946_1313825,2022,0.0
882,293946_1338825,2022,0.0
883,293946_1363825,2022,0.0
884,293946_1388825,2022,0.1741616915870886
885,293946_1413825,2022,0.0
886,293946_1438825,2022,0.0
887,293946_1463825,2022,0.0
888,293946_1488825,2022,0.0
889,293946_1513825,2022,0.0
890,293946_1538825,2022,0.0
891,293946_1563825,2022,0.6443527610375931
892,293946_1588825,2022,0.44807188388053837
893,293946_1613825,2022,0.0
894,318946_1113825,2022,0.0
895,318946_1138825,2022,0.0
896,318946_1163825,2022,0.0
897,318946_1188825,2022,0.0
898,318946_1213825,2022,0.0
899,318946_1238825,2022,0.0
900,318946_1263825,2022,0.0
901,318946_1288825,2022,0.0
902,318946_1313825,2022,0.0
903,318946_1338825,2022,0.0
904,318946_1363825,2022,0.0
905,318946_1388825,2022,1.2989469745541835
906,318946_1413825,2022,2.725259295812106
907,318946_1438825,2022,0.0
908,318946_1463825,2022,0.0
909,318946_1488825,2022,0.0
910,318946_1513825,2022,0.0
911,318946_1538825,2022,0.0
912,318946_1563825,2022,0.6744045164510241
913,318946_1588825,2022,0.45775800742875916
914,318946_1613825,2022,0.0
915,343946_1088825,2022,0.0
916,343946_1113825,2022,0.0
917,343946_1138825,2022,0.0
918,343946_1163825,2022,0.0
919,343946_1188825,2022,0.0
920,343946_1213825,2022,0.0
921,343946_1238825,2022,0.27061391661761186
922,343946_1263825,2022,0.0
923,343946_1288825,2022,0.0
924,343946_1313825,2022,0.0
925,343946_1338825,2022,0.0
926,343946_1363825,2022,0.0
927,343946_1388825,2022,0.0
928,343946_1413825,2022,0.9217923276930542
929,343946_1438825,2022,0.0
930,343946_1463825,2022,0.0
931,343946_1488825,2022,0.0
932,343946_1513825,2022,0.0
933,343946_1538825,2022,0.0
934,343946_1563825,2022,0.08868109386448196
935,343946_1588825,2022,0.04242645997361407
936,343946_1613825,2022,0.0
937,343946_1638825,2022,0.0
938,368946_1113825,2022,0.0
939,368946_1138825,2022,0.0
940,368946_1163825,2022,0.0
941,368946_1188825,2022,0.0
942,368946_1213825,2022,0.2599239883900585
943,368946_1238825,2022,1.3396947793253187
944,368946_1263825,2022,0.0
945,368946_1288825,2022,0.0
946,368946_1313825,2022,0.06757042973951598
947,368946_1338825,2022,0.04918173072234562
948,368946_1363825,2022,0.0
949,368946_1388825,2022,0.0
950,368946_1413825,2022,0.0
951,368946_1438825,2022,0.0
952,368946_1463825,2022,0.2810350119984415
953,368946_1488825,2022,0.5703619433379417
954,368946_1513825,2022,0.4827968527037499
955,368946_1538825,2022,0.0
956,368946_1563825,2022,0.41500543247360094
957,368946_1588825,2022,0.5909387538783856
958,368946_1613825,2022,11.70735023673349
959,368946_1638825,2022,5.144877906123448
960,393946_1113825,2022,0.0
961,393946_1138825,2022,0.0
962,393946_1163825,2022,0.0
963,393946_1188825,2022,0.0
964,393946_1213825,2022,0.0
965,393946_1238825,2022,0.0
966,393946_1263825,2022,0.0
967,393946_1288825,2022,0.0
968,393946_1313825,2022,0.06036330389694309
969,393946_1338825,2022,0.0461775869398717
970,393946_1363825,2022,0.0
971,393946_1388825,2022,0.0
972,393946_1413825,2022,0.0
973,393946_1438825,2022,0.0
974,393946_1463825,2022,0.0
975,393946_1488825,2022,2.1275523968642176
976,393946_1513825,2022,16.39894449276892
977,393946_1538825,2022,0.0
978,393946_1563825,2022,0.5713567336341328
979,393946_1588825,2022,0.4744142357385344
980,393946_1613825,2022,7.670033414839539
981,393946_1638825,2022,0.0
982,418946_1138825,2022,0.0
983,418946_1163825,2022,0.0
984,418946_1188825,2022,0.0
985,418946_1213825,2022,0.0
986,418946_1238825,2022,0.0
987,418946_1263825,2022,0.0
988,418946_1288825,2022,0.6700830119578685
989,418946_1313825,2022,1.3910690404163157
990,418946_1338825,2022,0.0
991,418946_1363825,2022,0.0
992,418946_1388825,2022,0.0
993,418946_1413825,2022,0.0
994,418946_1438825,2022,0.0
995,418946_1463825,2022,0.0
996,418946_1488825,2022,0.0
997,418946_1513825,2022,0.0
998,418946_1538825,2022,0.0
999,418946_1563825,2022,0.1721511291969562
1000,418946_1588825,2022,0.452950305927039
1001,418946_1613825,2022,0.0
1002,418946_1638825,2022,0.0
1003,443946_1113825,2022,0.0
1004,443946_1163825,2022,0.0
1005,443946_1188825,2022,0.0
1006,443946_1213825,2022,0.0
1007,443946_1238825,2022,0.0
1008,443946_1263825,2022,0.0
1009,443946_1288825,2022,0.0
1010,443946_1313825,2022,1.03221850055081
1011,443946_1338825,2022,0.0
1012,443946_1363825,2022,0.0
1013,443946_1388825,2022,0.07572285338770397
1014,443946_1413825,2022,0.0
1015,443946_1438825,2022,0.0
1016,443946_1463825,2022,0.0
1017,443946_1488825,2022,0.0
1018,443946_1513825,2022,0.0
1019,443946_1538825,2022,0.0
1020,443946_1563825,2022,0.2734954764645541
1021,443946_1588825,2022,0.23165605203801498
1022,443946_1613825,2022,0.443389661398183
1023,468946_1088825,2022,0.0
1024,468946_1113825,2022,0.0
1025,468946_1138825,2022,0.0
1026,468946_1163825,2022,0.0
1027,468946_1188825,2022,0.0
1028,468946_1213825,2022,0.0
1029,468946_1238825,2022,0.0
1030,468946_1263825,2022,0.0
1031,468946_1288825,2022,0.0
1032,468946_1313825,2022,0.0
1033,468946_1338825,2022,0.0
1034,468946_1363825,2022,0.0
1035,468946_1388825,2022,0.07768338309310976
1036,468946_1413825,2022,1.1905750551926644
1037,468946_1438825,2022,0.5997618482427056
1038,468946_1463825,2022,0.841516650499425
1039,468946_1488825,2022,0.0
1040,468946_1513825,2022,0.32999124453011663
1041,468946_1538825,2022,0.10559170801145873
1042,468946_1563825,2022,0.9218769956225346
1043,468946_1588825,2022,1.5489175869258145
1044,468946_1613825,2022,1.052949798990703
1045,493946_1088825,2022,0.0
1046,493946_1113825,2022,0.0
1047,493946_1138825,2022,0.0
1048,493946_1163825,2022,0.0
1049,493946_1188825,2022,0.0
1050,493946_1213825,2022,0.0
1051,493946_1238825,2022,0.0
1052,493946_1263825,2022,0.0
1053,493946_1288825,2022,0.0
1054,493946_1313825,2022,0.0
1055,493946_1338825,2022,0.0
1056,493946_1363825,2022,0.0
1057,493946_1388825,2022,1.4562443003515304
1058,493946_1413825,2022,4.468270951001057
1059,493946_1438825,2022,0.6032170370675385
1060,493946_1463825,2022,0.8511450523251487
1061,493946_1488825,2022,0.0
1062,493946_1513825,2022,0.4130357467997451
1063,493946_1538825,2022,0.08751587035796136
1064,493946_1563825,2022,0.42830716570390576
1065,493946_1588825,2022,0.4774339285407993
1066,493946_1613825,2022,0.0
1067,493946_1638825,2022,0.0
1068,518946_988825,2022,0.1624006445423017
1069,518946_1013825,2022,0.14812778837830518
1070,518946_1038825,2022,0.0
1071,518946_1063825,2022,0.0
1072,518946_1088825,2022,0.0
1073,518946_1113825,2022,0.0
1074,518946_1138825,2022,0.0
1075,518946_1163825,2022,0.0
1076,518946_1188825,2022,0.0
1077,518946_1213825,2022,0.0
1078,518946_1238825,2022,0.0
1079,518946_1263825,2022,0.0
1080,518946_1288825,2022,0.0
1081,518946_1313825,2022,0.0
1082,518946_1338825,2022,9.326123968911954
1083,518946_1363825,2022,0.7979304222581056
1084,518946_1388825,2022,0.2846183935951064
1085,518946_1413825,2022,0.0
1086,518946_1438825,2022,0.0
1087,518946_1463825,2022,0.0
1088,518946_1488825,2022,0.0
1089,518946_1513825,2022,0.8316210802483012
1090,518946_1538825,2022,0.0
1091,518946_1563825,2022,0.0
1092,518946_1588825,2022,0.0
1093,518946_1613825,2022,0.0
1094,543946_988825,2022,0.19138402980935323
1095,543946_1013825,2022,0.1691476577506842
1096,543946_1038825,2022,0.0
1097,543946_1063825,2022,0.0
1098,543946_1088825,2022,0.0
1099,543946_1113825,2022,0.08430380450795757
1100,543946_1138825,2022,0.11180473055090946
1101,543946_1163825,2022,0.0
1102,543946_1188825,2022,0.0
1103,543946_1213825,2022,0.0
1104,543946_1238825,2022,0.0
1105,543946_1263825,2022,0.0
1106,543946_1288825,2022,0.0
1107,543946_1313825,2022,1.7563665507516872
1108,543946_1338825,2022,7.489969663473081
1109,543946_1363825,2022,8.439429991910831
1110,543946_1388825,2022,5.593833749766122
1111,543946_1413825,2022,0.781875092176602
1112,543946_1438825,2022,0.0
1113,543946_1463825,2022,0.0
1114,543946_1488825,2022,1.0115318443590495
1115,543946_1513825,2022,1.6345821434028234
1116,543946_1538825,2022,0.0
1117,543946_1563825,2022,0.0
1118,543946_1588825,2022,0.0
1119,543946_1613825,2022,0.0
1120,543946_1638825,2022,0.0
1121,568946_988825,2022,0.0
1122,568946_1013825,2022,0.0
1123,568946_1038825,2022,0.0
1124,568946_1063825,2022,0.0
1125,568946_1088825,2022,0.0
1126,568946_1113825,2022,0.6793435678380286
1127,568946_1138825,2022,1.963784580160579
1128,568946_1163825,2022,5.760475371410023
1129,568946_1188825,2022,5.956491190887555
1130,568946_1213825,2022,2.318173550647856
1131,568946_1238825,2022,0.0
1132,568946_1263825,2022,1.0878201353044896
1133,568946_1288825,2022,0.1704424528272689
1134,568946_1313825,2022,2.4499964609037694
1135,568946_1338825,2022,8.055499536021111
1136,568946_1363825,2022,7.726712069755322
1137,568946_1388825,2022,1.2306422859772574
1138,568946_1413825,2022,0.0
1139,568946_1438825,2022,0.0
1140,568946_1463825,2022,0.0
1141,568946_1488825,2022,0.0
1142,568946_1513825,2022,0.0
1143,568946_1538825,2022,0.0
1144,568946_1563825,2022,0.0
1145,568946_1588825,2022,0.0
1146,568946_1613825,2022,0.0
1147,568946_1638825,2022,0.0
1148,593946_1038825,2022,0.0
1149,593946_1063825,2022,0.0
1150,593946_1088825,2022,0.0
1151,593946_1113825,2022,0.9738767431284152
1152,593946_1138825,2022,4.37713206560585
1153,593946_1163825,2022,8.221905186240582
1154,593946_1188825,2022,3.514722963573694
1155,593946_1213825,2022,3.901403169577048
1156,593946_1238825,2022,1.0358300197240031
1157,593946_1263825,2022,0.7718434868228643
1158,593946_1288825,2022,0.0
1159,593946_1313825,2022,0.0
1160,593946_1338825,2022,0.0
1161,593946_1413825,2022,0.0
1162,593946_1438825,2022,0.0
1163,593946_1613825,2022,0.0
1164,93946_1313825,2023,0.0
1165,93946_1338825,2023,0.0
1166,93946_1363825,2023,0.0
1167,93946_1388825,2023,0.0
1168,118946_1313825,2023,0.0
1169,118946_1338825,2023,0.0
1170,118946_1363825,2023,0.0
1171,118946_1388825,2023,0.0
1172,118946_1413825,2023,0.0
1173,143946_1338825,2023,0.0
1174,143946_1363825,2023,0.0
1175,143946_1388825,2023,0.0
1176,143946_1413825,2023,0.0
1177,143946_1438825,2023,0.0
1178,168946_1313825,2023,0.6600248217396716
1179,168946_1338825,2023,0.0
1180,168946_1363825,2023,0.0
1181,168946_1388825,2023,0.0
1182,168946_1413825,2023,0.15790084297118703
1183,168946_1438825,2023,0.7529384615388182
1184,168946_1463825,2023,0.4283122236379726
1185,168946_1488825,2023,0.0
1186,168946_1513825,2023,0.0
1187,168946_1538825,2023,0.0
1188,193946_1163825,2023,0.0
1189,193946_1188825,2023,0.9850056197528533
1190,193946_1213825,2023,0.0
1191,193946_1238825,2023,0.0
1192,193946_1263825,2023,0.0
1193,193946_1288825,2023,0.0
1194,193946_1313825,2023,0.6980563768229787
1195,193946_1338825,2023,0.0
1196,193946_1363825,2023,0.0
1197,193946_1388825,2023,0.048898314877696906
1198,193946_1413825,2023,0.09903262780948976
1199,193946_1438825,2023,0.5268259956103031
1200,193946_1463825,2023,0.3759969257901338
1201,193946_1488825,2023,0.0
1202,193946_1513825,2023,0.0
1203,193946_1538825,2023,0.0
1204,193946_1563825,2023,0.0
1205,193946_1588825,2023,0.0
1206,218946_1163825,2023,0.0
1207,218946_1188825,2023,2.5861863961823803
1208,218946_1213825,2023,1.5991001906603044
1209,218946_1238825,2023,0.0
1210,218946_1263825,2023,0.0
1211,218946_1288825,2023,0.0
1212,218946_1313825,2023,0.0
1213,218946_1338825,2023,0.0
1214,218946_1363825,2023,0.0
1215,218946_1388825,2023,0.060160571942043724
1216,218946_1413825,2023,0.0624138848914763
1217,218946_1438825,2023,0.0
1218,218946_1463825,2023,0.0
1219,218946_1488825,2023,0.0
1220,218946_1513825,2023,0.0
1221,218946_1538825,2023,0.0
1222,218946_1563825,2023,0.0
1223,218946_1588825,2023,0.0
1224,243946_1163825,2023,0.0
1225,243946_1188825,2023,1.1262343891322844
1226,243946_1213825,2023,1.1481013555773125
1227,243946_1238825,2023,0.316755449902419
1228,243946_1263825,2023,0.14153796796940898
1229,243946_1288825,2023,0.0
1230,243946_1313825,2023,0.04670782117228892
1231,243946_1338825,2023,0.0
1232,243946_1363825,2023,0.0
1233,243946_1388825,2023,0.0
1234,243946_1413825,2023,0.0
1235,243946_1438825,2023,0.0
1236,243946_1463825,2023,0.0
1237,243946_1488825,2023,0.0
1238,243946_1513825,2023,0.0
1239,243946_1538825,2023,0.0
1240,243946_1563825,2023,0.0
1241,243946_1588825,2023,0.0
1242,268946_1138825,2023,0.6520464066570766
1243,268946_1163825,2023,3.299292932627219
1244,268946_1188825,2023,6.025324534356069
1245,268946_1213825,2023,7.651015690786518
1246,268946_1238825,2023,0.4453003565474086
1247,268946_1263825,2023,0.8946857235216081
1248,268946_1288825,2023,0.6178400389680584
1249,268946_1313825,2023,0.10534694442083607
1250,268946_1338825,2023,0.0
1251,268946_1363825,2023,0.0
1252,268946_1388825,2023,1.0607858323310004
1253,268946_1413825,2023,0.5601301469805844
1254,268946_1438825,2023,0.0
1255,268946_1463825,2023,0.0
1256,268946_1488825,2023,0.0
1257,268946_1513825,2023,0.0
1258,268946_1538825,2023,0.0
1259,268946_1563825,2023,0.0
1260,268946_1588825,2023,0.0
1261,293946_1113825,2023,0.0
1262,293946_1138825,2023,0.0
1263,293946_1163825,2023,0.0
1264,293946_1188825,2023,4.398998396726505
1265,293946_1213825,2023,1.0662022532785393
1266,293946_1238825,2023,0.0
1267,293946_1263825,2023,1.2728948291838214
1268,293946_1288825,2023,4.042656592708738
1269,293946_1313825,2023,0.0
1270,293946_1338825,2023,0.0
1271,293946_1363825,2023,0.7572994259664783
1272,293946_1388825,2023,1.3618507376309845
1273,293946_1413825,2023,0.0
1274,293946_1438825,2023,0.0
1275,293946_1463825,2023,0.0
1276,293946_1488825,2023,0.0
1277,293946_1513825,2023,0.0
1278,293946_1538825,2023,0.0
1279,293946_1563825,2023,0.0
1280,293946_1588825,2023,0.0
1281,293946_1613825,2023,0.0
1282,318946_1113825,2023,0.0
1283,318946_1138825,2023,0.778944200754636
1284,318946_1163825,2023,4.593414899936825
1285,318946_1188825,2023,5.21185316589267
1286,318946_1213825,2023,1.3364328731685093
1287,318946_1238825,2023,0.9882522962042031
1288,318946_1263825,2023,2.8449720289906946
1289,318946_1288825,2023,4.733271790903249
1290,318946_1313825,2023,2.1376897194684905
1291,318946_1338825,2023,0.25702565377139475
1292,318946_1363825,2023,0.9931579834993176
1293,318946_1388825,2023,10.635539938959468
1294,318946_1413825,2023,18.57292819618614
1295,318946_1438825,2023,0.40617100941719975
1296,318946_1463825,2023,0.0
1297,318946_1488825,2023,0.0
1298,318946_1513825,2023,0.0
1299,318946_1538825,2023,0.0
1300,318946_1563825,2023,0.0
1301,318946_1588825,2023,0.0
1302,318946_1613825,2023,0.0
1303,343946_1088825,2023,0.0
1304,343946_1113825,2023,0.39047889487291954
1305,343946_1138825,2023,7.088154418608758
1306,343946_1163825,2023,14.09669676198489
1307,343946_1188825,2023,1.8977340000433438
1308,343946_1213825,2023,2.0249489739767865
1309,343946_1238825,2023,0.13530695830880593
1310,343946_1263825,2023,0.8970730620850539
1311,343946_1288825,2023,0.0
1312,343946_1313825,2023,0.17237690284192614
1313,343946_1338825,2023,0.6267764268638445
1314,343946_1363825,2023,0.18185085762975275
1315,343946_1388825,2023,1.0315968061932121
1316,343946_1413825,2023,6.931726274938253
1317,343946_1438825,2023,0.6261326739602889
1318,343946_1463825,2023,0.0
1319,343946_1488825,2023,0.0
1320,343946_1513825,2023,0.0
1321,343946_1538825,2023,0.0
1322,343946_1563825,2023,0.0
1323,343946_1588825,2023,0.0
1324,343946_1613825,2023,0.0
1325,343946_1638825,2023,0.0
1326,368946_1113825,2023,0.0
1327,368946_1138825,2023,0.4745198078437197
1328,368946_1163825,2023,5.215803404649227
1329,368946_1188825,2023,0.0
1330,368946_1213825,2023,0.3244081824845192
1331,368946_1238825,2023,0.6698473896626593
1332,368946_1263825,2023,0.0
1333,368946_1288825,2023,0.8032936507998212
1334,368946_1313825,2023,1.9454895740677092
1335,368946_1338825,2023,1.2460701156569098
1336,368946_1363825,2023,0.16205667733107323
1337,368946_1388825,2023,0.29653038423925077
1338,368946_1413825,2023,0.0
1339,368946_1438825,2023,0.0
1340,368946_1463825,2023,0.0
1341,368946_1488825,2023,0.0
1342,368946_1513825,2023,0.0
1343,368946_1538825,2023,0.0
1344,368946_1563825,2023,0.0
1345,368946_1588825,2023,0.0
1346,368946_1613825,2023,0.0
1347,368946_1638825,2023,0.0
1348,393946_1113825,2023,0.17279339291270232
1349,393946_1138825,2023,1.656358921601971
1350,393946_1163825,2023,1.0930149068055832
1351,393946_1188825,2023,5.547198329547727
1352,393946_1213825,2023,1.1249666428236131
1353,393946_1238825,2023,0.20226931078492777
1354,393946_1263825,2023,0.0
1355,393946_1288825,2023,1.2187675571861387
1356,393946_1313825,2023,1.870553658172729
1357,393946_1338825,2023,0.7388413910379472
1358,393946_1363825,2023,0.0
1359,393946_1388825,2023,0.19331247937906743
1360,393946_1413825,2023,0.0
1361,393946_1438825,2023,0.0
1362,393946_1463825,2023,0.0
1363,393946_1488825,2023,0.0
1364,393946_1513825,2023,0.0
1365,393946_1538825,2023,0.05726767666803772
1366,393946_1563825,2023,0.0915245666114803
1367,393946_1588825,2023,0.0
1368,393946_1613825,2023,0.0
1369,393946_1638825,2023,0.0
1370,418946_1138825,2023,0.0
1371,418946_1163825,2023,0.4051865564683998
1372,418946_1188825,2023,0.6781290877736503
1373,418946_1213825,2023,0.0
1374,418946_1238825,2023,0.0
1375,418946_1263825,2023,0.0
1376,418946_1288825,2023,0.18207517404310475
1377,418946_1313825,2023,0.13216599882870633
1378,418946_1338825,2023,0.0
1379,418946_1363825,2023,0.0
1380,418946_1388825,2023,0.0
1381,418946_1413825,2023,0.0
1382,418946_1438825,2023,0.0
1383,418946_1463825,2023,0.0
1384,418946_1488825,2023,1.7885628973898688
1385,418946_1513825,2023,0.0
1386,418946_1538825,2023,0.0
1387,418946_1563825,2023,0.044956724634757056
1388,418946_1588825,2023,0.0
1389,418946_1613825,2023,0.0
1390,418946_1638825,2023,0.0
1391,443946_1113825,2023,0.0
1392,443946_1163825,2023,0.28589307912687484
1393,443946_1188825,2023,0.5559332672652794
1394,443946_1213825,2023,0.09012084847944385
1395,443946_1238825,2023,0.0
1396,443946_1263825,2023,0.0
1397,443946_1288825,2023,0.2171911272917842
1398,443946_1313825,2023,0.7504571594214566
1399,443946_1338825,2023,0.30631381318867085
1400,443946_1363825,2023,0.0
1401,443946_1388825,2023,0.0
1402,443946_1413825,2023,0.0
1403,443946_1438825,2023,0.0
1404,443946_1463825,2023,0.0
1405,443946_1488825,2023,0.21825143107816888
1406,443946_1513825,2023,0.0
1407,443946_1538825,2023,0.0
1408,443946_1563825,2023,0.0
1409,443946_1588825,2023,0.0
1410,443946_1613825,2023,0.0
1411,468946_1088825,2023,0.8799392505639219
1412,468946_1113825,2023,1.3785466398756534
1413,468946_1138825,2023,0.7337610144854166
1414,468946_1163825,2023,0.40907318757793326
1415,468946_1188825,2023,0.6910482912977298
1416,468946_1213825,2023,0.12907112949104907
1417,468946_1238825,2023,0.0
1418,468946_1263825,2023,0.0
1419,468946_1288825,2023,0.0
1420,468946_1313825,2023,0.6621606588874867
1421,468946_1338825,2023,1.5732305772153197
1422,468946_1363825,2023,0.0
1423,468946_1388825,2023,0.0
1424,468946_1413825,2023,0.0850410753709046
1425,468946_1438825,2023,0.0
1426,468946_1463825,2023,0.0
1427,468946_1488825,2023,0.0
1428,468946_1513825,2023,0.0
1429,468946_1538825,2023,0.0
1430,468946_1563825,2023,0.0
1431,468946_1588825,2023,0.0
1432,468946_1613825,2023,0.0
1433,493946_1088825,2023,1.715526433351005
1434,493946_1113825,2023,0.40503009629638276
1435,493946_1138825,2023,0.10976692524291748
1436,493946_1163825,2023,1.1376864521418408
1437,493946_1188825,2023,0.0
1438,493946_1213825,2023,0.0
1439,493946_1238825,2023,0.0
1440,493946_1263825,2023,0.0
1441,493946_1288825,2023,0.16558857647464886
1442,493946_1313825,2023,0.0
1443,493946_1338825,2023,6.05892371438011
1444,493946_1363825,2023,1.3693877723800734
1445,493946_1388825,2023,0.09821061627824271
1446,493946_1413825,2023,0.31916221078578977
1447,493946_1438825,2023,0.0
1448,493946_1463825,2023,0.0
1449,493946_1488825,2023,0.0
1450,493946_1513825,2023,0.0
1451,493946_1538825,2023,0.0
1452,493946_1563825,2023,0.0
1453,493946_1588825,2023,0.0
1454,493946_1613825,2023,0.0
1455,493946_1638825,2023,0.0
1456,518946_988825,2023,0.7205749999194755
1457,518946_1013825,2023,0.5614071913659813
1458,518946_1038825,2023,0.0
1459,518946_1063825,2023,0.40919022234975605
1460,518946_1088825,2023,2.7064317992857787
1461,518946_1113825,2023,0.42299657481395886
1462,518946_1138825,2023,0.6556926241597189
1463,518946_1163825,2023,6.405850303252299
1464,518946_1188825,2023,0.0
1465,518946_1213825,2023,0.0
1466,518946_1238825,2023,0.0
1467,518946_1263825,2023,0.0
1468,518946_1288825,2023,0.29378837877122216
1469,518946_1313825,2023,0.18172513757475214
1470,518946_1338825,2023,2.8431592903781904
1471,518946_1363825,2023,0.12154652782724447
1472,518946_1388825,2023,0.0
1473,518946_1413825,2023,0.0
1474,518946_1438825,2023,0.0
1475,518946_1463825,2023,0.0
1476,518946_1488825,2023,0.0
1477,518946_1513825,2023,0.23100585562452813
1478,518946_1538825,2023,0.0
1479,518946_1563825,2023,0.0
1480,518946_1588825,2023,0.0
1481,518946_1613825,2023,0.0
1482,543946_988825,2023,0.8150541207458089
1483,543946_1013825,2023,0.6070299496909417
1484,543946_1038825,2023,0.4905542666913644
1485,543946_1063825,2023,1.6826320419529286
1486,543946_1088825,2023,3.721326622250535
1487,543946_1113825,2023,0.0
1488,543946_1138825,2023,1.379805045118407
1489,543946_1163825,2023,0.5293141122562773
1490,543946_1188825,2023,0.0
1491,543946_1213825,2023,0.0
1492,543946_1238825,2023,0.0
1493,543946_1263825,2023,0.41014240929727824
1494,543946_1288825,2023,2.1216909065915885
1495,543946_1313825,2023,3.359386293715787
1496,543946_1338825,2023,3.3900618195873693
1497,543946_1363825,2023,2.5604435993566623
1498,543946_1388825,2023,0.0
1499,543946_1413825,2023,0.07691080123666552
1500,543946_1438825,2023,0.07536218031040716
1501,543946_1463825,2023,0.0
1502,543946_1488825,2023,0.2809810678775137
1503,543946_1513825,2023,0.45405059538967313
1504,543946_1538825,2023,0.0
1505,543946_1563825,2023,0.0
1506,543946_1588825,2023,0.0
1507,543946_1613825,2023,0.0
1508,543946_1638825,2023,0.0
1509,568946_988825,2023,0.0
1510,568946_1013825,2023,0.0
1511,568946_1038825,2023,0.0
1512,568946_1063825,2023,0.3035822025652073
1513,568946_1088825,2023,2.4716527827197683
1514,568946_1113825,2023,5.236954318169721
1515,568946_1138825,2023,0.9282685272750569
1516,568946_1163825,2023,3.7569831840895422
1517,568946_1188825,2023,12.896634369587684
1518,568946_1213825,2023,2.194080296056028
1519,568946_1238825,2023,0.0
1520,568946_1263825,2023,0.0
1521,568946_1288825,2023,1.5257169600193823
1522,568946_1313825,2023,2.8635123165023737
1523,568946_1338825,2023,2.9138701387549037
1524,568946_1363825,2023,4.835973590934795
1525,568946_1388825,2023,0.0
1526,568946_1413825,2023,0.0
1527,568946_1438825,2023,0.0
1528,568946_1463825,2023,0.0
1529,568946_1488825,2023,0.0
1530,568946_1513825,2023,0.0
1531,568946_1538825,2023,0.0
1532,568946_1563825,2023,0.0
1533,568946_1588825,2023,0.0
1534,568946_1613825,2023,0.0
1535,568946_1638825,2023,0.0
1536,593946_1038825,2023,0.0
1537,593946_1063825,2023,0.0
1538,593946_1088825,2023,0.0
1539,593946_1113825,2023,10.846659220944032
1540,593946_1138825,2023,18.45071905454001
1541,593946_1163825,2023,6.68736930326544
1542,593946_1188825,2023,3.439183601335899
1543,593946_1213825,2023,0.18680597290117262
1544,593946_1238825,2023,0.0
1545,593946_1263825,2023,0.0
1546,593946_1288825,2023,0.0
1547,593946_1313825,2023,0.0
1548,593946_1338825,2023,0.0
1549,593946_1413825,2023,0.0
1550,593946_1438825,2023,0.0
1551,593946_1613825,2023,0.0
1552,93946_1313825,2024,0.0
1553,93946_1338825,2024,0.0
1554,93946_1363825,2024,0.0
1555,93946_1388825,2024,0.0
1556,118946_1313825,2024,0.0
1557,118946_1338825,2024,0.0
1558,118946_1363825,2024,0.0
1559,118946_1388825,2024,0.0
1560,118946_1413825,2024,0.0
1561,143946_1338825,2024,0.0
1562,143946_1363825,2024,3.222404478481347
1563,143946_1388825,2024,0.0
1564,143946_1413825,2024,0.0
1565,143946_1438825,2024,0.0
1566,168946_1313825,2024,0.0
1567,168946_1338825,2024,4.706440981873428
1568,168946_1363825,2024,14.021877913530169
1569,168946_1388825,2024,0.30171981192509567
1570,168946_1413825,2024,0.0
1571,168946_1438825,2024,1.1829376311347057
1572,168946_1463825,2024,0.7138537060632877
1573,168946_1488825,2024,0.0
1574,168946_1513825,2024,0.0
1575,168946_1538825,2024,0.0
1576,193946_1163825,2024,0.0
1577,193946_1188825,2024,0.1407150885361219
1578,193946_1213825,2024,0.41796324567850796
1579,193946_1238825,2024,0.0
1580,193946_1263825,2024,0.0
1581,193946_1288825,2024,1.537908282993056
1582,193946_1313825,2024,0.0
1583,193946_1338825,2024,0.0
1584,193946_1363825,2024,0.0
1585,193946_1388825,2024,0.187143931753294
1586,193946_1413825,2024,0.6108364230809674
1587,193946_1438825,2024,2.1607152320769316
1588,193946_1463825,2024,0.6266615429835564
1589,193946_1488825,2024,0.0
1590,193946_1513825,2024,0.0
1591,193946_1538825,2024,1.0747266586321746
1592,193946_1563825,2024,0.0
1593,193946_1588825,2024,0.0
1594,218946_1163825,2024,0.0
1595,218946_1188825,2024,0.42758792070030854
1596,218946_1213825,2024,1.2053991453217359
1597,218946_1238825,2024,1.9039573734689017
1598,218946_1263825,2024,1.6266202057447958
1599,218946_1288825,2024,3.4847606351687492
1600,218946_1313825,2024,1.1433533372707638
1601,218946_1338825,2024,0.0
1602,218946_1363825,2024,0.0
1603,218946_1388825,2024,0.6120244415787754
1604,218946_1413825,2024,1.5249391347226662
1605,218946_1438825,2024,0.0
1606,218946_1463825,2024,0.0
1607,218946_1488825,2024,0.0
1608,218946_1513825,2024,1.0294186240403405
1609,218946_1538825,2024,2.0750865055215346
1610,218946_1563825,2024,0.0
1611,218946_1588825,2024,0.3522385799975801
1612,243946_1163825,2024,0.15683854476966938
1613,243946_1188825,2024,0.7024134620181476
1614,243946_1213825,2024,0.9730923708050808
1615,243946_1238825,2024,10.507391986862798
1616,243946_1263825,2024,8.314832201455193
1617,243946_1288825,2024,0.4010009437891312
1618,243946_1313825,2024,2.7273283214338817
1619,243946_1338825,2024,2.501427765251816
1620,243946_1363825,2024,0.0
1621,243946_1388825,2024,0.0
1622,243946_1413825,2024,0.6529632423306007
1623,243946_1438825,2024,0.0
1624,243946_1463825,2024,0.0
1625,243946_1488825,2024,0.0
1626,243946_1513825,2024,0.0
1627,243946_1538825,2024,0.0
1628,243946_1563825,2024,0.0
1629,243946_1588825,2024,0.16974973099348326
1630,268946_1138825,2024,0.0
1631,268946_1163825,2024,0.6277264296389672
1632,268946_1188825,2024,3.1172372441796417
1633,268946_1213825,2024,17.652841358227022
1634,268946_1238825,2024,11.930501328244347
1635,268946_1263825,2024,29.00182444895836
1636,268946_1288825,2024,11.075375541786785
1637,268946_1313825,2024,6.518754507561432
1638,268946_1338825,2024,3.2582576561064327
1639,268946_1363825,2024,0.0
1640,268946_1388825,2024,0.0
1641,268946_1413825,2024,0.0
1642,268946_1438825,2024,0.9066326355187756
1643,268946_1463825,2024,0.6490079270926539
1644,268946_1488825,2024,0.0
1645,268946_1513825,2024,0.0
1646,268946_1538825,2024,0.0
1647,268946_1563825,2024,0.0
1648,268946_1588825,2024,0.0
1649,293946_1113825,2024,0.0
1650,293946_1138825,2024,0.0
1651,293946_1163825,2024,0.043526195665916916
1652,293946_1188825,2024,7.9036945698322825
1653,293946_1213825,2024,14.090792305226564
1654,293946_1238825,2024,14.503510527791326
1655,293946_1263825,2024,39.09797004939877
1656,293946_1288825,2024,17.063466375808552
1657,293946_1313825,2024,3.5588251025967113
1658,293946_1338825,2024,0.5239240012615572
1659,293946_1363825,2024,1.0334897097808322
1660,293946_1388825,2024,6.983717109516624
1661,293946_1413825,2024,0.10861092010181822
1662,293946_1438825,2024,0.5088046604207783
1663,293946_1463825,2024,0.4461489532131968
1664,293946_1488825,2024,0.15333512447960967
1665,293946_1513825,2024,0.0
1666,293946_1538825,2024,0.0
1667,293946_1563825,2024,0.0
1668,293946_1588825,2024,0.0
1669,293946_1613825,2024,0.0
1670,318946_1113825,2024,0.1324620017553752
1671,318946_1138825,2024,1.7939039790712077
1672,318946_1163825,2024,4.210278300494504
1673,318946_1188825,2024,7.804434941208217
1674,318946_1213825,2024,12.5260913178455
1675,318946_1238825,2024,14.875309306993426
1676,318946_1263825,2024,22.12349231785469
1677,318946_1288825,2024,12.362351470218679
1678,318946_1313825,2024,6.623196988369459
1679,318946_1338825,2024,0.5227263212857356
1680,318946_1363825,2024,1.2029726751031673
1681,318946_1388825,2024,17.275375032847528
1682,318946_1413825,2024,11.443787918313884
1683,318946_1438825,2024,0.1624684037668799
1684,318946_1463825,2024,0.0
1685,318946_1488825,2024,0.48957020559011216
1686,318946_1513825,2024,0.0
1687,318946_1538825,2024,0.0
1688,318946_1563825,2024,0.0
1689,318946_1588825,2024,0.0
1690,318946_1613825,2024,0.0
1691,343946_1088825,2024,0.0
1692,343946_1113825,2024,1.6377865847379909
1693,343946_1138825,2024,8.945082396656554
1694,343946_1163825,2024,9.964575973192002
1695,343946_1188825,2024,3.054441714363545
1696,343946_1213825,2024,22.33801474306894
1697,343946_1238825,2024,12.16342747791022
1698,343946_1263825,2024,13.381054893087589
1699,343946_1288825,2024,3.309125799371844
1700,343946_1313825,2024,3.9531278079441665
1701,343946_1338825,2024,1.4773207894159874
1702,343946_1363825,2024,1.2910158087729613
1703,343946_1388825,2024,2.38681421227898
1704,343946_1413825,2024,2.800317653156296
1705,343946_1438825,2024,1.7677707863186058
1706,343946_1463825,2024,1.049463528791765
1707,343946_1488825,2024,0.0
1708,343946_1513825,2024,0.0
1709,343946_1538825,2024,0.0
1710,343946_1563825,2024,0.0
1711,343946_1588825,2024,0.0
1712,343946_1613825,2024,0.0
1713,343946_1638825,2024,0.0
1714,368946_1113825,2024,0.44053180089008015
1715,368946_1138825,2024,7.439978131846633
1716,368946_1163825,2024,7.496862237868064
1717,368946_1188825,2024,9.419872779195956
1718,368946_1213825,2024,8.746485629181409
1719,368946_1238825,2024,16.48946464706905
1720,368946_1263825,2024,26.37151737039741
1721,368946_1288825,2024,2.8357511692316977
1722,368946_1313825,2024,3.8452146108293808
1723,368946_1338825,2024,2.4376856498743145
1724,368946_1363825,2024,1.6420773919421183
1725,368946_1388825,2024,0.5822677016981225
1726,368946_1413825,2024,0.8183583478804056
1727,368946_1438825,2024,1.6406296755172964
1728,368946_1463825,2024,7.849305594924685
1729,368946_1488825,2024,1.4973882895376156
1730,368946_1513825,2024,0.3511249837845454
1731,368946_1538825,2024,0.0
1732,368946_1563825,2024,2.1692737121820014
1733,368946_1588825,2024,1.1857479704436837
1734,368946_1613825,2024,0.0
1735,368946_1638825,2024,0.0
1736,393946_1113825,2024,2.418918264422027
1737,393946_1138825,2024,24.664597763800394
1738,393946_1163825,2024,8.244034017048662
1739,393946_1188825,2024,36.70897377119063
1740,393946_1213825,2024,11.316380405971728
1741,393946_1238825,2024,1.619390070068147
1742,393946_1263825,2024,0.9444616834211567
1743,393946_1288825,2024,2.323127094442139
1744,393946_1313825,2024,4.230420100175534
1745,393946_1338825,2024,2.250244727359314
1746,393946_1363825,2024,1.1908048573742218
1747,393946_1388825,2024,0.0
1748,393946_1413825,2024,0.4746346867277567
1749,393946_1438825,2024,0.4902329054042194
1750,393946_1463825,2024,0.0
1751,393946_1488825,2024,0.572200673213918
1752,393946_1513825,2024,0.4809411865449207
1753,393946_1538825,2024,0.0
1754,393946_1563825,2024,1.1241879166452347
1755,393946_1588825,2024,0.042867665627696006
1756,393946_1613825,2024,0.0
1757,393946_1638825,2024,0.0
1758,418946_1138825,2024,0.7248348060598077
1759,418946_1163825,2024,15.438917954298539
1760,418946_1188825,2024,7.829283387791805
1761,418946_1213825,2024,7.607185769043307
1762,418946_1238825,2024,0.6800995418878795
1763,418946_1263825,2024,3.59589047000211
1764,418946_1288825,2024,5.114672211844839
1765,418946_1313825,2024,6.9902397804345995
1766,418946_1338825,2024,2.2062008440571397
1767,418946_1363825,2024,0.0
1768,418946_1388825,2024,0.0
1769,418946_1413825,2024,0.0
1770,418946_1438825,2024,0.0
1771,418946_1463825,2024,0.0
1772,418946_1488825,2024,0.0
1773,418946_1513825,2024,0.0
1774,418946_1538825,2024,0.04086526626728212
1775,418946_1563825,2024,0.0
1776,418946_1588825,2024,0.0
1777,418946_1613825,2024,0.0
1778,418946_1638825,2024,0.0
1779,443946_1113825,2024,0.0
1780,443946_1163825,2024,0.040841868446696405
1781,443946_1188825,2024,0.9200290962799854
1782,443946_1213825,2024,1.0291316435416644
1783,443946_1238825,2024,0.0
1784,443946_1263825,2024,2.2840825850170856
1785,443946_1288825,2024,7.174121729893839
1786,443946_1313825,2024,2.164761048453887
1787,443946_1338825,2024,0.6676159213491892
1788,443946_1363825,2024,0.0
1789,443946_1388825,2024,0.15144570677540795
1790,443946_1413825,2024,0.0
1791,443946_1438825,2024,0.0
1792,443946_1463825,2024,0.0
1793,443946_1488825,2024,0.0
1794,443946_1513825,2024,0.06933009238009366
1795,443946_1538825,2024,0.07680125357432503
1796,443946_1563825,2024,0.0
1797,443946_1588825,2024,0.0
1798,443946_1613825,2024,0.0
1799,468946_1088825,2024,0.7177958405520548
1800,468946_1113825,2024,5.8501405871424925
1801,468946_1138825,2024,3.0110799805952926
1802,468946_1163825,2024,0.4163910560108511
1803,468946_1188825,2024,1.3901406447273197
1804,468946_1213825,2024,0.7954263017760488
1805,468946_1238825,2024,0.0
1806,468946_1263825,2024,0.4953649754678531
1807,468946_1288825,2024,2.6126498184902327
1808,468946_1313825,2024,2.45368493465842
1809,468946_1338825,2024,0.3859286538951979
1810,468946_1363825,2024,0.0
1811,468946_1388825,2024,0.15536676618621953
1812,468946_1413825,2024,0.0
1813,468946_1438825,2024,0.0
1814,468946_1463825,2024,0.0
1815,468946_1488825,2024,0.0
1816,468946_1513825,2024,0.0
1817,468946_1538825,2024,0.0
1818,468946_1563825,2024,0.0
1819,468946_1588825,2024,0.0
1820,468946_1613825,2024,0.0
1821,493946_1088825,2024,1.582517071092505
1822,493946_1113825,2024,7.123232118199634
1823,493946_1138825,2024,6.372965215093303
1824,493946_1163825,2024,0.5565302695268671
1825,493946_1188825,2024,0.0
1826,493946_1213825,2024,0.0
1827,493946_1238825,2024,0.9493212503785282
1828,493946_1263825,2024,1.5635427349635027
1829,493946_1288825,2024,2.128659912067884
1830,493946_1313825,2024,1.1381168880789208
1831,493946_1338825,2024,1.1805461813490026
1832,493946_1363825,2024,0.2282312953966789
1833,493946_1388825,2024,0.2647417051629558
1834,493946_1413825,2024,0.0
1835,493946_1438825,2024,0.0
1836,493946_1463825,2024,0.0
1837,493946_1488825,2024,0.0
1838,493946_1513825,2024,0.0
1839,493946_1538825,2024,0.0
1840,493946_1563825,2024,0.04108599031451186
1841,493946_1588825,2024,0.0
1842,493946_1613825,2024,0.0
1843,493946_1638825,2024,0.0
1844,518946_988825,2024,1.7299902887140781
1845,518946_1013825,2024,1.7003134208641384
1846,518946_1038825,2024,0.7167038694544098
1847,518946_1063825,2024,0.0
1848,518946_1088825,2024,1.754485198709236
1849,518946_1113825,2024,2.161931677623561
1850,518946_1138825,2024,1.124773863586922
1851,518946_1163825,2024,0.20897528147569874
1852,518946_1188825,2024,0.22737109549001777
1853,518946_1213825,2024,0.07407420062192774
1854,518946_1238825,2024,0.08075370732541404
1855,518946_1263825,2024,0.0
1856,518946_1288825,2024,3.017874243076321
1857,518946_1313825,2024,2.3197654313789586
1858,518946_1338825,2024,0.2548314833504509
1859,518946_1363825,2024,0.12992318475794715
1860,518946_1388825,2024,0.6171882300066285
1861,518946_1413825,2024,0.3362842980675227
1862,518946_1438825,2024,0.0
1863,518946_1463825,2024,0.0
1864,518946_1488825,2024,0.0
1865,518946_1513825,2024,0.0
1866,518946_1538825,2024,0.0
1867,518946_1563825,2024,0.12792090960859745
1868,518946_1588825,2024,0.05333036549873484
1869,518946_1613825,2024,0.0
1870,543946_988825,2024,1.8245841488667565
1871,543946_1013825,2024,1.6928450725839599
1872,543946_1038825,2024,2.233417407016497
1873,543946_1063825,2024,2.804207429546487
1874,543946_1088825,2024,5.541771738351288
1875,543946_1113825,2024,0.692755189723848
1876,543946_1138825,2024,0.6127357965759751
1877,543946_1163825,2024,1.0805760449942015
1878,543946_1188825,2024,0.6559429898424156
1879,543946_1213825,2024,0.0
1880,543946_1238825,2024,1.6436885224314275
1881,543946_1263825,2024,3.3441949941891718
1882,543946_1288825,2024,5.303142865774981
1883,543946_1313825,2024,9.825659255554523
1884,543946_1338825,2024,9.637780620863694
1885,543946_1363825,2024,4.2537480617554895
1886,543946_1388825,2024,5.147125988066667
1887,543946_1413825,2024,1.4029573465606338
1888,543946_1438825,2024,0.0
1889,543946_1463825,2024,0.0
1890,543946_1488825,2024,0.0
1891,543946_1513825,2024,0.0
1892,543946_1538825,2024,0.0
1893,543946_1563825,2024,0.0
1894,543946_1588825,2024,0.0
1895,543946_1613825,2024,0.0
1896,543946_1638825,2024,0.0
1897,568946_988825,2024,0.0
1898,568946_1013825,2024,0.7980462876044396
1899,568946_1038825,2024,2.0609921524450785
1900,568946_1063825,2024,0.3357164014364411
1901,568946_1088825,2024,3.5552671768532784
1902,568946_1113825,2024,6.819567517117742
1903,568946_1138825,2024,0.9992517447984516
1904,568946_1163825,2024,2.0540833956327327
1905,568946_1188825,2024,3.2547683817698996
1906,568946_1213825,2024,0.7584584765726387
1907,568946_1238825,2024,1.199335532203815
1908,568946_1263825,2024,1.2922158509567507
1909,568946_1288825,2024,4.136405410558636
1910,568946_1313825,2024,5.069492853114674
1911,568946_1338825,2024,5.222603815541679
1912,568946_1363825,2024,2.455098762730104
1913,568946_1388825,2024,1.3038158268375737
1914,568946_1413825,2024,0.3732410540864525
1915,568946_1438825,2024,0.9833638505602605
1916,568946_1463825,2024,0.0
1917,568946_1488825,2024,0.0
1918,568946_1513825,2024,0.0
1919,568946_1538825,2024,0.0
1920,568946_1563825,2024,0.0
1921,568946_1588825,2024,0.0
1922,568946_1613825,2024,0.0
1923,568946_1638825,2024,0.0
1924,593946_1038825,2024,0.04185360139811457
1925,593946_1063825,2024,0.0
1926,593946_1088825,2024,1.1160618677100196
1927,593946_1113825,2024,6.469847928372144
1928,593946_1138825,2024,6.728952770850721
1929,593946_1163825,2024,8.359718152670865
1930,593946_1188825,2024,3.084400099728903
1931,593946_1213825,2024,0.051234486448994636
1932,593946_1238825,2024,0.12065920175827578
1933,593946_1263825,2024,0.20386744144528696
1934,593946_1288825,2024,0.0
1935,593946_1313825,2024,0.14046768998794254
1936,593946_1338825,2024,0.0
1937,593946_1413825,2024,0.0
1938,593946_1438825,2024,0.0
1939,593946_1613825,2024,0.0
